,date
0,2022-4-8
5,2022-4-9
11,2022-4-11
16,2022-4-12
27,2022-4-13
37,2022-4-14
47,2022-4-15
53,2022-4-18
57,2022-4-19
68,2022-4-20
77,2022-4-21
90,2022-4-22
100,2022-4-23
107,2022-4-25
112,2022-4-26
120,2022-4-27
131,2022-4-28
139,2022-4-29
151,2022-4-30
157,2022-5-2
162,2022-5-3
175,2022-5-4
184,2022-5-5
193,2022-5-6
202,2022-5-7
206,2022-5-9
211,2022-5-10
222,2022-5-11
232,2022-5-12
244,2022-5-13
255,2022-5-14
261,2022-5-16
266,2022-5-17
275,2022-5-18
286,2022-5-19
296,2022-5-20
307,2022-5-21
314,2022-5-23
319,2022-5-24
330,2022-5-25
340,2022-5-26
351,2022-5-27
361,2022-5-28
367,2022-5-31
372,2022-6-1
383,2022-6-2
392,2022-6-3
401,2022-6-4
406,2022-6-6
411,2022-6-7
420,2022-6-8
430,2022-6-9
439,2022-6-10
449,2022-6-11
455,2022-6-13
460,2022-6-14
470,2022-6-15
480,2022-6-16
491,2022-6-17
501,2022-6-18
506,2022-6-21
511,2022-6-22
522,2022-6-23
532,2022-6-24
541,2022-6-25
547,2022-6-27
552,2022-6-28
559,2022-6-29
569,2022-6-30
578,2022-7-1
589,2022-7-2
594,2022-7-5
598,2022-7-6
608,2022-7-7
618,2022-7-8
629,2022-7-9
636,2022-7-11
641,2022-7-12
651,2022-7-13
662,2022-7-14
672,2022-7-15
682,2022-7-16
687,2022-7-18
692,2022-7-19
701,2022-7-20
711,2022-7-21
724,2022-7-22
735,2022-7-23
741,2022-7-25
746,2022-7-26
755,2022-7-27
766,2022-7-28
776,2022-7-29
786,2022-7-30
791,2022-8-1
796,2022-8-2
807,2022-8-3
816,2022-8-4
826,2022-8-5
836,2022-8-6
842,2022-8-8
847,2022-8-9
856,2022-8-10
865,2022-8-11
874,2022-8-12
884,2022-8-13
890,2022-8-15
895,2022-8-16
904,2022-8-17
914,2022-8-18
922,2022-8-19
930,2022-8-20
936,2022-8-22
940,2022-8-23
949,2022-8-24
960,2022-8-25
970,2022-8-26
982,2022-8-27
989,2022-8-29
994,2022-8-30
1006,2022-8-31
1018,2022-9-1
1030,2022-9-2
1042,2022-9-3
1049,2022-9-6
1054,2022-9-7
1066,2022-9-8
1078,2022-9-9
1089,2022-9-10
1096,2022-9-12
1101,2022-9-13
1112,2022-9-14
1124,2022-9-15
