,time,open,high,low,close,Basis,Upper,Lower,EMA,Smoothing Line,Plot,Plot.1,Plot.2,Plot.3,Volume,Volume MA,RSI,RSI-based MA,Upper Bollinger Band,Lower Bollinger Band,RSI.1,RSI-based MA.1,Upper Bollinger Band.1,Lower Bollinger Band.1,Histogram,MACD,Signal,datetime,year,month,day,hour,date
0,1646150400,35.29,35.6,35.0,35.05,,,,,,34.99866012753056,34.704212782475835,35.01416141491475,35.88876741414305,56566,122255.5,44.170195348743285,62.2384416853138,,,52.94335777659035,59.68525345844665,,,-0.0458322827564856,0.3735178113153452,0.4193500940718308,2022-03-02 00:00:00,2022,4,8,19,2022-3-2
7,1646236800,34.29,34.78,34.18,34.3,,,,,,34.955407601083444,34.76797291290907,35.01001132871352,35.82806372294082,135770,119778.95,33.86678339663152,51.72077310260493,,,43.52287982931497,54.68545814150629,,,-0.1798429315276879,0.0821011688924855,0.2619441004201734,2022-03-03 00:00:00,2022,4,9,2,2022-3-3
14,1646323200,34.01,34.25,33.78,34.21,,,,,,34.71046909283195,34.70003555888144,34.94291329164716,35.73825489217989,164779,129789.6,38.57954765616573,44.05439721895005,,,43.78311545130388,48.77938269738796,,,-0.1303635943357388,-0.1089147718475658,0.021448822488173,2022-03-04 00:00:00,2022,4,11,22,2022-3-4
22,1646409600,33.15,33.32,32.965,33.04,,,,,,33.98087692462823,34.35146684683397,34.720900342331674,35.56220907601047,109180,143483.3,28.300324169966103,34.81548785859837,,,35.1492173694695,41.25865200141288,,,-0.1489247234745819,-0.436642241227922,-0.2877175177533401,2022-03-05 00:00:00,2022,4,12,19,2022-3-5
27,1646661600,33.23,33.88,33.08,33.51,,,,,,33.759675512969686,34.182598951937784,34.59714299152725,35.45776655087682,122027,132517.8,48.21229202348059,35.18038702941344,,,44.162072376658166,39.58391686464785,,,-0.005613669111297,-0.3607721860056401,-0.3551585168943431,2022-03-07 22:00:00,2022,4,13,0,2022-3-7
29,1646668800,32.91,33.45,32.9,33.175,,,,,,33.62733074871215,34.09362940546045,34.535458137433444,35.409559743107174,108221,131689.9,43.0199711439593,35.46251935479973,,,41.90065825526868,39.17724777316575,,,-0.0134736534761228,-0.3783130007513975,-0.3648393472752746,2022-03-08 00:00:00,2022,4,13,2,2022-3-8
37,1646755200,32.94,33.05,32.54,32.86,,,,,,33.137618850532164,33.72787243424995,34.27382098659685,35.206626891501365,84235,127483.05,48.04826006641896,40.50963130929008,,,43.92989872667336,40.57018385852241,,,0.0032643204851249,-0.3994132362343592,-0.4026775567194841,2022-03-09 00:00:00,2022,4,14,0,2022-3-9
44,1646841600,34.45,34.45,33.99,34.18,,,,,,33.38629809874759,33.691706756025,34.18099071796133,35.094976260188496,57670,127925.7,64.31808181037277,47.92155603427212,,,57.3481270211353,45.598726832669726,,,0.2157104186780084,0.0162796345973674,-0.1994307840806409,2022-03-10 00:00:00,2022,4,14,21,2022-3-10
51,1646928000,33.78,34.04,33.62,34.03,,,,,,33.74808557521098,33.79668448074416,34.173961907767804,35.02973912403056,54872,118859.1,55.1741768570333,58.71341022552185,,,54.09829464865021,53.88659080875833,,,0.0815451731637087,0.1742254109269438,0.0926802377632351,2022-03-11 00:00:00,2022,4,15,4,2022-3-11
59,1647014400,33.5,33.51,33.2,33.34,,,,,,33.772490699519814,33.80757079813355,34.126182790690045,34.9396464449934,98246,109273.5,39.1265306841272,54.25367542837372,,,45.01684563052833,53.26818413714964,,,-0.0873789670447585,0.0236880907751739,0.1110670578199325,2022-03-12 00:00:00,2022,4,19,2,2022-3-12
64,1647262800,32.65,33.68,32.48,33.04,,,,,,33.54156382483937,33.697158844753375,34.038305111090054,34.85504024728354,151052,111077.85,35.290597436779464,46.50950478069353,,,42.20262643317795,49.003963604475935,,,-0.117253269213878,-0.1400048982153805,-0.0227516290015025,2022-03-14 21:00:00,2022,4,19,20,2022-3-14
67,1647273600,33.3,33.31,32.98,32.98,,,,,,33.46289777287261,33.64639807409209,33.99249318498727,34.807702241213725,111790,119064.1,37.54909865048129,43.84907122927172,,,42.553500777803166,47.08087917039736,,,-0.0746201679133909,-0.153581090086881,-0.07896092217349,2022-03-15 00:00:00,2022,4,19,23,2022-3-15
75,1647360000,33.96,33.97,33.69,33.76,,,,,,33.49728030063598,33.5974978422837,33.911998034586205,34.70240389148324,77419,116205.7,56.8059116770801,47.2545747761442,,,53.35827270458597,47.3894381593387,,,0.0967416609809,0.0183389115376968,-0.0784027494432032,2022-03-16 00:00:00,2022,4,20,22,2022-3-16
82,1647446400,35.22,35.225,34.74,34.88,,,,,,34.07887382226142,33.83975767849642,33.99766386089452,34.69255668118366,160709,130806.8,66.0143689950042,61.7295367018595,,,62.11204676304675,56.01925015347039,,,0.1945271656294503,0.3725712652308388,0.1780440996013884,2022-03-17 00:00:00,2022,4,21,5,2022-3-17
90,1647532800,37.22,37.59,37.18,37.54,,,,,,35.37091831286049,34.51340820415296,34.331770481380595,34.81123426320907,117147,132900.9,89.38949953375271,76.13631385610746,,,79.7527868044361,67.90728312017932,,,0.2905124062791259,0.8974676127363068,0.6069552064571809,2022-03-18 00:00:00,2022,4,22,0,2022-3-18
100,1647619200,38.54,38.76,38.38,38.62,,,,,,37.02193651615216,35.628821620832646,34.97284484354837,35.100824605284565,199312,151026.4,73.9408144412634,80.07824875386824,,,73.69907213196001,75.65326348559176,,,0.092490890348464,1.0602831101001158,0.9677922197516516,2022-03-19 00:00:00,2022,4,23,0,2022-3-19
104,1647860400,37.6,37.6,37.6,37.6,,,,,,37.367432184745375,35.99407213453047,35.213954300408325,35.218964424246494,100,168223.3,45.1559449409136,71.6387394920075,,,57.54469987877134,72.00327481425892,,,-0.1099180117819911,0.8472361484778688,0.95715416025986,2022-03-21 19:00:00,2022,4,23,4,2022-3-21
108,1647878400,37.67,37.765,37.13,37.13,,,,,,37.33977534951076,36.18403839815157,35.372566548628406,35.299621179147174,119506,154443.35,40.79415056444223,60.42002508133344,,,51.00598410777897,65.31969323749713,,,-0.2406047412898964,0.4986025440457311,0.7392072853356275,2022-03-22 00:00:00,2022,4,25,20,2022-3-22
116,1647964800,38.68,38.7,38.51,38.57,,,,,,37.7995808888338,36.70823785035443,35.771693553297744,35.5117576324804,73965,146394.45,64.37597931173173,52.0748133483241,,,62.371396305509045,57.235702405593095,,,0.0122238370142017,0.5068013431737768,0.4945775061595751,2022-03-23 00:00:00,2022,4,26,20,2022-3-23
124,1648051200,38.63,38.64,38.31,38.51,,,,,,38.14389068437696,37.17953338444945,36.16493411989275,35.73631270822391,74271,106671.9,55.512761790928096,58.98651070733216,,,57.29399925185835,59.57065629967776,,,-0.0565919981024675,0.3686930844889744,0.425285082591442,2022-03-24 00:00:00,2022,4,27,4,2022-3-24
131,1648137600,38.85,38.95,38.61,38.795,,,,,,38.33641799416119,37.50044456440316,36.46770555931568,35.92159686420563,56503,98041.65,60.08846246499642,54.25789275517071,,,58.48917664557189,56.6892838978556,,,-0.0162738377090506,0.2976233019725782,0.3138971396816288,2022-03-25 00:00:00,2022,4,28,0,2022-3-25
139,1648224000,37.81,38.095,37.7,37.89,,,,,,38.34370553073066,37.74612558444333,36.755368663118674,36.11376192407252,182793,109929.4,33.33796347064964,50.81986256861968,,,44.38558700879003,53.95382520795373,,,-0.1333208223720407,0.0741947045882724,0.2075155269603132,2022-03-26 00:00:00,2022,4,29,0,2022-3-26
144,1648468800,38.67,38.67,38.49,38.59,,,,,,38.41123330224612,37.88328261188889,36.92124255272535,36.22995539878598,1374,113077.9,56.00567947807365,51.07464885685065,,,54.28043318403902,53.13694394587246,,,-0.0224594647913702,0.1008715123288581,0.1233309771202284,2022-03-28 20:00:00,2022,4,29,5,2022-3-28
148,1648483200,38.54,38.69,38.32,38.63,,,,,,38.50839390573895,38.006367867606535,37.0594688892177,36.32762237161952,103172,108024.95,52.60512764909512,50.382414962482976,,,53.25048629566309,52.31362163401053,,,-0.0036583997599013,0.124979851299372,0.1286382510592734,2022-03-29 00:00:00,2022,4,29,21,2022-3-29
156,1648569600,40.29,40.485,40.12,40.24,,,,,,39.15245591369497,38.44344706540279,37.43168172158276,36.57645095742368,96933,112379.15,83.12800515805333,66.39418680197119,,,71.69543589636717,60.56177993842124,,,0.1602561215824079,0.446872895576071,0.286616773993663,2022-03-30 00:00:00,2022,4,30,5,2022-3-30
164,1648656000,39.19,39.425,39.065,39.39,,,,,,39.59316491218153,38.878198169510256,37.819866862643366,36.84505710738745,101339,102757.15,40.11133833188374,69.02356726897952,,,49.480291264577765,64.62207345977494,,,-0.1163519614279183,0.3057669044128985,0.4221188658408169,2022-03-31 00:00:00,2022,5,3,2,2022-3-31
172,1648742400,38.8,38.835,38.65,38.69,,,,,,39.16706774439374,38.8661492844285,37.97055557010302,36.99854262504917,39868,99286.8,32.77362639360334,42.15276900404937,,,41.86273469611008,49.67115185704976,,,-0.1657142322169549,-0.1088072657362104,0.0569069664807444,2022-04-01 00:00:00,2022,5,3,21,2022-4-1
179,1648828800,39.21,39.38,39.14,39.29,,,,,,39.17959183257723,38.93891109190107,38.12520352541235,37.143948614348886,65960,94706.6,53.76192030286189,42.14406935114692,,,51.85253048540274,46.492800650287634,,,0.0278341904016709,-0.0023299854877905,-0.0301641758894614,2022-04-02 00:00:00,2022,5,4,4,2022-4-2
183,1649070000,48.9,49.73,48.0,48.15,,,,,,40.071089757936754,39.34362515193597,38.393037119998255,37.317713563619925,187475,104802.05,94.80697651612296,50.785908719959885,,,88.52483565345737,51.4484292586149,,,0.5938714203984157,0.7384136971841997,0.1445422767857839,2022-04-04 19:00:00,2022,5,4,23,2022-4-4
188,1649088000,49.22,50.78,49.16,50.61,,,,,,43.56565660313921,41.067914908569335,39.38573664450032,37.8781616587259,760990,276176.8,90.43993492699056,69.89861682955534,,,86.38283231634442,66.35176865471952,,,1.1629526893186646,2.630606366122514,1.4676536768038493,2022-04-05 00:00:00,2022,5,5,19,2022-4-5
201,1649174400,51.92,52.14,50.8,51.26,,,,,,49.26115740104039,45.197621376563845,42.09132575481906,39.49952767750532,574220,500289.95,57.49744877204732,78.73191019910323,,,68.25830414403862,79.85664122608155,,,-0.1338696328912214,2.642611529003574,2.7764811618947958,2022-04-06 00:00:00,2022,5,6,23,2022-4-6
213,1649260800,51.59,51.68,50.47,50.77,,,,,,50.45071769567152,47.40027700066196,43.98829681924661,40.798331750680106,272833,363147.55,48.414240099369856,53.30445150458001,,,55.739919630447126,63.19058497676368,,,-0.3987345194701404,1.082064299525598,1.4807988189957384,2022-04-07 00:00:00,2022,5,10,2,2022-4-7
223,1649347200,47.59,47.59,46.58,46.7,,,,,,49.82900124572294,48.16513477842473,45.04214798680171,41.65897239856545,380523,269148.95,15.98423594193929,43.656548603295214,,,32.59945626656068,52.26006851446062,,,-0.6657756101080151,-0.1877729691361835,0.4780026409718315,2022-04-08 00:00:00,2022,5,11,1,2022-4-8
233,1649433600,46.5,46.73,46.19,46.47,,,,,,48.1038025489686,47.84782371735237,45.44007948589461,42.19147716571404,152901,251767.2,24.52225907633704,29.13882544343743,,,34.804329901759615,38.86075036187144,,,-0.2808381753958786,-0.8574670510600129,-0.5766288756641342,2022-04-09 00:00:00,2022,5,12,1,2022-4-9
239,1649674800,45.42,46.26,45.0,45.0,,,,,,47.15692738845299,47.46170521124643,45.50888527103526,42.41638396928441,35014,236895.85,13.187239679386622,26.669195888761525,,,27.037923739486946,35.67635768389094,,,-0.1307814448800947,-0.9541475404163152,-0.8233660955362204,2022-04-11 19:00:00,2022,5,12,19,2022-4-11
244,1649692800,46.52,47.18,46.28,47.03,,,,,,46.87057163121604,47.2692005456477,45.59272979203951,42.60993532431512,216952,215975.35,56.36780171727354,32.01449333398144,,,49.058676304206784,37.08367325332296,,,0.1425871421102875,-0.6491531085221567,-0.7917402506324442,2022-04-12 00:00:00,2022,5,13,0,2022-4-12
255,1649779200,45.95,46.12,45.62,45.72,,,,,,46.72261520155565,47.08445516564721,45.82782972885422,43.04633925241642,101193,176826.55,36.48394986267995,50.417707112495656,,,41.12553276925027,47.131766350850704,,,-0.023952261706472,-0.3525183203328907,-0.3285660586264187,2022-04-13 00:00:00,2022,5,14,0,2022-4-13
265,1649865600,45.69,45.94,45.46,45.9,,,,,,45.83505914429067,46.47714640074479,45.71719631894718,43.25178275128282,136683,137171.3,55.88832360291074,39.72818462169418,,,48.55785287644388,41.543147772064906,,,0.1049094526964009,-0.4111509306182839,-0.5160603833146848,2022-04-14 00:00:00,2022,5,16,23,2022-4-14
276,1649952000,45.66,47.02,45.33,46.92,,,,,,46.45812157823471,46.5590139650153,45.90764366562868,43.6076260114364,781670,320903.8,53.29552238816324,57.02237112119851,,,52.74984288545233,51.93101246215075,,,0.1271721269773806,0.1809927946580174,0.0538206676806367,2022-04-15 00:00:00,2022,5,18,1,2022-4-15
283,1650279600,46.7,47.44,46.52,46.64,,,,,,46.33205726645623,46.45671461841064,45.93503019134213,43.776518188831545,33889,386344.95,53.570149299181935,54.671472863845246,,,51.87778276473396,52.61876733733683,,,0.0414869410654154,0.0536354423320943,0.0121485012666789,2022-04-18 19:00:00,2022,5,18,21,2022-4-18
288,1650297600,47.25,47.25,46.35,46.79,,,,,,46.41077005329079,46.46468593244349,45.98787408276036,43.90862073457118,295190,433383.75,53.74558369263661,49.20722256059445,,,52.27590665036813,49.62232132708793,,,0.060825892949901,0.0962064192670624,0.0353805263171614,2022-04-19 00:00:00,2022,5,19,2,2022-4-19
301,1650384000,48.11,48.49,47.63,47.92,,,,,,47.68662564671224,47.16688047157661,46.49538440711289,44.43274391822355,364671,232509.3,50.28613226053007,59.3589116206906,,,53.35537023537208,56.97877910419341,,,-0.0553633429413539,0.4130366144269786,0.4683999573683325,2022-04-20 00:00:00,2022,5,20,5,2022-4-20
313,1650470400,45.63,45.91,45.03,45.47,,,,,,46.663385260702405,46.830767966396266,46.45508219531376,44.64583792625701,218253,208135.35,37.69148855332523,38.881100094080594,,,41.47264918387282,45.3060090421106,,,-0.1877796508243759,-0.3566399290346496,-0.1688602782102736,2022-04-21 00:00:00,2022,5,21,6,2022-4-21
324,1650556800,46.36,47.93,46.2,46.72,,,,,,46.41415230929388,46.62017353528231,46.40889556921195,44.80898258186693,195795,163911.0,56.98699199757732,48.112593199222665,,,51.84786651311957,47.07975739869524,,,0.0941784196680875,-0.128667247741653,-0.2228456674097405,2022-04-22 00:00:00,2022,5,24,5,2022-4-22
336,1650643200,48.19,48.36,47.92,48.18,,,,,,47.46499333448882,47.07257749338456,46.699014441999566,45.14147393005501,148219,162907.85,58.09787253064693,63.45803013768072,,,57.5831802196445,56.82441875954273,,,0.1775949375290823,0.4804709545624774,0.3028760170333952,2022-04-23 00:00:00,2022,5,25,20,2022-4-23
343,1650884400,49.62,51.78,49.62,51.4,,,,,,48.36889167047504,47.5886894262581,47.02085394512073,45.41255418754613,174835,165511.75,85.09734870595487,66.61373906721867,,,74.7015180052579,61.35060294385625,,,0.2091222304188871,0.7516004865861845,0.5424782561672974,2022-04-25 19:00:00,2022,5,26,3,2022-4-25
348,1650902400,51.005,52.29,50.56,51.68,,,,,,49.41942367643984,48.21098332952426,47.40110151217569,45.68575257184027,738094,242009.25,74.70621920364512,67.43851155870337,,,70.2154833630102,64.0653412442441,,,0.2230683806151697,1.0604675129671506,0.8373991323519808,2022-04-26 00:00:00,2022,5,26,21,2022-4-26
361,1650988800,50.02,50.235,49.75,49.9,,,,,,50.6197479792932,49.4268847785574,48.28309833438321,46.367069803397925,395174,383569.65,25.27463778749465,59.211405414767015,,,45.43153505933706,63.00876710039282,,,-0.3421275729809944,0.4555888024262913,0.7977163754072857,2022-04-27 00:00:00,2022,5,28,0,2022-4-27
373,1651075200,48.49,48.96,48.36,48.79,,,,,,49.49317240216821,49.30536163885069,48.46665475588985,46.68302972522165,270169,271530.35,38.40839759006046,26.313844777377494,,,40.59899640846687,40.94302215381489,,,-0.2341516818343962,-0.3996831531200584,-0.1655314712856622,2022-04-28 00:00:00,2022,6,1,1,2022-4-28
383,1651161600,49.03,49.9,49.03,49.63,,,,,,49.08215779667741,49.1422923355028,48.52720760515679,46.88408763569186,298926,181433.35,66.2499539974956,38.47049296020446,,,55.41481730618845,40.88747107172802,,,0.083036168012151,-0.2355504396439371,-0.3185866076560882,2022-04-29 00:00:00,2022,6,2,0,2022-4-29
392,1651248000,49.47,49.76,49.41,49.53,,,,,,49.31618716700863,49.23968274124886,48.68095205766748,47.10567187622372,85524,144841.15,56.43707376569529,55.06286527683047,,,53.10447028606917,50.24286028151313,,,0.1014694466804318,0.044634089702896,-0.0568353569775357,2022-04-30 00:00:00,2022,6,3,0,2022-4-30
399,1651489200,48.96,48.98,48.86,48.86,,,,,,49.19105635987914,49.201539074029554,48.73424572304605,47.23993235998894,2430,123399.3,34.258167244122816,50.04569241783226,,,43.11738033019444,49.80275541631908,,,-0.034294272759516,-0.0694689070232001,-0.0351746342636841,2022-05-02 19:00:00,2022,6,3,22,2022-5-2
404,1651507200,49.03,49.14,48.835,49.02,,,,,,49.18845896113744,49.1992241677689,48.77761327844359,47.33506309403448,123096,101047.85,43.97402741756527,46.73747187093359,,,46.63664549150303,48.5059903626729,,,-0.0037791557331818,-0.0425037801407057,-0.0387246244075239,2022-05-03 00:00:00,2022,6,4,3,2022-5-3
414,1651593600,49.11,49.21,49.0,49.13,,,,,,49.1870231192908,49.195624824670055,48.85213850486127,47.51147898138817,97673,93891.55,46.92074435854578,50.82414850634496,,,48.4973534472821,49.95490916569809,,,0.0013659987364811,-0.0174796934017038,-0.018845692138185,2022-05-04 00:00:00,2022,6,7,3,2022-5-4
424,1651680000,48.685,48.77,48.55,48.64,,,,,,48.94773961870548,49.074983331302185,48.84936856572822,47.63794630046416,107001,100058.1,30.83862079670486,40.032560392431016,,,39.53258212824316,44.96126050745968,,,-0.0417763547774797,-0.1324433200395063,-0.0906669652620265,2022-05-05 00:00:00,2022,6,8,4,2022-5-5
434,1651766400,50.66,50.79,50.36,50.68,,,,,,49.72191839667964,49.39598507414343,49.05892656190182,47.86115949543839,276488,168575.2,77.90851132593656,61.64067615020882,,,71.6023891862284,57.5376266701545,,,0.2161138018588733,0.4235935097240002,0.2074797078651268,2022-05-06 00:00:00,2022,6,9,19,2022-5-6
444,1651852800,49.745,49.89,49.6,49.745,,,,,,49.8831221565772,49.59926568972712,49.23400076980932,48.06763490054368,98872,193220.0,42.55793369706438,59.80578649424573,,,49.096383991368505,60.5628534063441,,,-0.0938150077571411,0.1457522863790146,0.2395672941361557,2022-05-07 00:00:00,2022,6,10,19,2022-5-7
449,1652094000,49.16,49.16,49.06,49.08,,,,,,49.76682241912691,49.5998859800636,49.26953660521386,48.142844024142285,735,174774.2,26.1583981512664,45.15822258498481,,,38.75324092493528,51.18302471018677,,,-0.1197720430933419,-0.0036358998324885,0.1161361432608533,2022-05-09 19:00:00,2022,6,11,0,2022-5-9
454,1652112000,48.61,48.98,48.41,48.775,,,,,,49.31934895713346,49.42642486233587,49.21037804574578,48.16759873283872,111129,126498.9,42.43100468178657,38.7171239790228,,,42.74275928980016,44.877687509229965,,,-0.1771269154909759,-0.2835073778177701,-0.1063804623267942,2022-05-10 00:00:00,2022,6,11,5,2022-5-10
464,1652198400,46.74,46.99,46.67,46.765,,,,,,48.1938415231602,48.83054650434495,48.92669842676477,48.11915287571541,137417,108998.8,21.55976025903513,30.36848456158859,,,28.65558702189905,35.17304059506316,,,-0.1580104328218663,-0.6488678762446085,-0.4908574434227422,2022-05-11 00:00:00,2022,6,14,4,2022-5-11
475,1652284800,47.33,47.41,46.895,46.94,,,,,,47.60625834211118,48.29443859837906,48.61102384945076,48.0369529136816,77118,94589.35,39.098623016679504,39.847409399403816,,,40.03276111039568,38.93477980595121,,,0.0563639392384722,-0.4131587486674988,-0.469522687905971,2022-05-12 00:00:00,2022,6,15,19,2022-5-12
484,1652371200,45.285,45.89,44.9,45.82,,,,,,46.42892055279084,47.500519726501295,48.12917659371463,47.83539194711336,152861,121599.55,45.58222041909869,36.61233361958376,,,40.776126274750375,37.41328461998849,,,-0.06203383214094,-0.7307695983055638,-0.6687357661646237,2022-05-13 00:00:00,2022,6,16,4,2022-5-13
493,1652457600,41.31,41.67,41.095,41.17,,,,,,43.655445246814345,45.82184988573499,47.12245249543001,47.33776363492152,218440,191074.2,32.583669330838845,30.04194662768881,,,31.38558435063545,31.298939696370585,,,-0.3293236703983866,-1.7135533250453392,-1.3842296546469526,2022-05-14 00:00:00,2022,6,17,2,2022-5-14
499,1652698800,39.75,39.75,39.75,39.75,,,,,,42.23478864998037,44.6934233008029,46.378320109133,46.94224157793842,100,193133.6,23.8777626098676,28.806098124324112,,,27.291967679505305,29.49383831239042,,,-0.0457230627480855,-1.6416114453665571,-1.5958883826184715,2022-05-16 19:00:00,2022,6,17,22,2022-5-16
504,1652716800,38.51,38.51,37.935,38.03,,,,,,40.81019148190207,43.59921454634837,45.644926702430745,46.53923016274859,116874,178422.2,14.858445848968955,26.341847294030224,,,21.911717849633263,28.116827686303253,,,-0.0972437126315786,-1.795376517094141,-1.6981328044625623,2022-05-17 00:00:00,2022,6,18,3,2022-5-17
514,1652803200,37.275,38.095,37.23,38.01,,,,,,38.656471453592864,41.55837391927419,44.15272930011207,45.67098445162117,175180,158114.6,51.70696869162133,22.54403255128027,,,36.84370909850065,24.4563837566378,,,0.2015622538742643,-1.467292762891276,-1.6688550167655405,2022-05-18 00:00:00,2022,6,22,3,2022-5-18
523,1652889600,37.13,37.295,37.015,37.29,,,,,,38.231687348161486,40.48811962037474,43.146480272026864,45.01567374006662,48783,146207.35,35.98980015491658,43.8202352843082,,,35.74614110112093,36.056761160503896,,,0.1785021226620256,-0.7887170266794001,-0.9672191493414256,2022-05-19 00:00:00,2022,6,23,1,2022-5-19
532,1652976000,36.75,36.89,36.345,36.61,,,,,,37.30557360349953,39.336621718560814,42.08165136324947,44.29857560384659,54356,97105.0,36.2007429777937,36.13815214332423,,,35.01121654151376,35.317667268730965,,,0.0786651542165717,-0.7300826531074804,-0.8087478073240522,2022-05-20 00:00:00,2022,6,24,0,2022-5-20
541,1653062400,36.77,37.18,36.755,36.92,,,,,,37.3459514295072,38.75656894890979,41.315788109171386,43.70823278713145,113185,86086.15,42.05976621916872,46.81619714047713,,,42.82515727585872,42.577999649793234,,,0.0971806100463814,-0.2898725676151343,-0.3870531776615158,2022-05-21 00:00:00,2022,6,25,0,2022-5-21
548,1653303600,38.0,38.0,37.66,37.66,,,,,,37.63372876804235,38.552167486567306,40.87214011883312,43.31691094341461,800,78340.05,49.24707243744691,54.974356105321256,,,49.42456887356348,49.75548502017848,,,0.1245840706491946,0.0128252238313706,-0.111758846817824,2022-05-23 19:00:00,2022,6,27,20,2022-5-23
553,1653321600,37.72,37.995,37.68,37.73,,,,,,37.59638620808372,38.36659490698496,40.55363021983238,43.034366011917164,51860,64122.7,54.25851976744378,52.161313554076834,,,51.06887284327218,49.68908927812147,,,0.0339581495222387,-0.0233713742911234,-0.0573295238133622,2022-05-24 00:00:00,2022,6,28,1,2022-5-24
565,1653408000,36.23,36.59,36.16,36.16,,,,,,36.93726518204217,37.74480889013171,39.74531632772793,42.327202280544334,104118,39986.2,32.24864127900955,42.08144487885641,,,37.83108040908999,43.86608496054141,,,-0.095507908333301,-0.3472369272404947,-0.2517290189071937,2022-05-25 00:00:00,2022,6,29,20,2022-5-25
575,1653494400,36.635,36.885,36.535,36.71,,,,,,36.51530278664839,37.24260207870454,39.10374823820892,41.74397426963042,45368,52068.1,59.222767005661545,42.01110600128705,,,50.845752077406,42.00068189475469,,,0.0974338567309674,-0.2290306492208174,-0.3264645059517848,2022-05-26 00:00:00,2022,6,30,21,2022-5-26
588,1653580800,39.08,39.25,38.98,39.23,,,,,,38.207264547385705,37.84715409527652,39.00959988200413,41.36938360896836,23422,46253.05,67.76655761661935,68.9801219864071,,,64.47478360940293,62.40691757699386,,,0.1406017536396141,0.6395612731097486,0.4989595194701345,2022-05-27 00:00:00,2022,7,1,23,2022-5-27
599,1653667200,40.35,40.76,40.29,40.68,,,,,,39.285440625146414,38.524027509818495,39.15073618142357,41.19677080900225,57383,44519.8,79.82312603342677,67.3475397095912,,,71.65162086931642,64.81332343978393,,,0.056473343246708,0.6786882676200179,0.6222149243733098,2022-05-28 00:00:00,2022,7,6,1,2022-5-28
603,1653994800,39.99,39.99,39.95,39.95,,,,,,39.57202692144583,38.7662726905866,39.22870858342946,41.15636062742303,600,59252.0,52.53879359428213,66.0614400212588,,,59.45541964769159,64.76543650839014,,,-0.0356710070092873,0.5936335105991262,0.6293045176084135,2022-05-31 19:00:00,2022,7,6,19,2022-5-31
608,1654012800,39.99,40.27,39.96,40.27,,,,,,39.73212037316538,38.98420991608915,39.29879376259462,41.09818711546959,30483,51199.0,63.98740926544564,61.24068416520028,,,62.66451831802303,62.831718185230535,,,-0.0886320972987179,0.4268697963242474,0.5155018936229653,2022-06-01 00:00:00,2022,7,7,0,2022-6-1
618,1654099200,39.37,39.54,39.36,39.45,,,,,,39.69543189591938,39.21666365886684,39.37049605247533,40.96483724236046,32247,47984.45,40.80046452624988,47.21881178263856,,,47.71259536587202,53.98606205948581,,,-0.1164418964398489,0.1026980635647518,0.2191399600046008,2022-06-02 00:00:00,2022,7,8,0,2022-6-2
627,1654185600,40.17,40.45,40.06,40.14,,,,,,39.69817868142442,39.35293846075045,39.41774707632039,40.85188400106189,31139,42886.25,65.45408625676264,48.964873019646426,,,58.303555284165,51.198358166141126,,,0.0210955079227749,0.0846326696301815,0.0635371617074066,2022-06-03 00:00:00,2022,7,8,22,2022-6-3
636,1654272000,40.54,41.04,40.51,40.8,,,,,,40.028059227315936,39.6105912859842,39.5448154256353,40.79415719415046,90527,51976.2,64.35300536006532,56.03844546749557,,,60.40275641385444,54.47431435064307,,,0.0896110514265168,0.2380621550217441,0.1484511035952272,2022-06-04 00:00:00,2022,7,11,19,2022-6-4
642,1654513200,40.47,40.47,40.4,40.4,,,,,,40.105497585337424,39.73584314922375,39.61857212989102,40.75937220493958,670,49312.45,57.317662637361,53.904899013403146,,,55.40954802138173,54.17312875356815,,,-0.010240080145181,0.1575841205016033,0.1678242006467843,2022-06-06 19:00:00,2022,7,12,1,2022-6-6
647,1654531200,39.15,39.54,38.96,39.35,,,,,,39.53723609322012,39.53060363225972,39.52011062661085,40.65278874926522,60646,58030.05,49.34789277000744,47.96949197396608,,,47.97534476866374,49.52857619947482,,,-0.1396628539732224,-0.2282694595867269,-0.0886066056135045,2022-06-07 00:00:00,2022,7,12,20,2022-6-7
657,1654617600,39.95,40.22,39.81,40.0,,,,,,39.577515369151854,39.54445396374207,39.5281472489935,40.54885522631546,74379,51450.65,62.36748239294274,49.7985357613672,,,54.634180041750966,48.27027991478881,,,0.0885223628709555,-0.0042793363131679,-0.0928016991841235,2022-06-08 00:00:00,2022,7,13,19,2022-6-8
667,1654704000,40.08,41.27,40.07,40.65,,,,,,39.92410263793393,39.72834438490364,39.630891894021886,40.50532507140268,252737,58411.15,75.24081996355662,60.78422516712117,,,62.18240612734383,54.60899876777369,,,0.0764242291616658,0.1743949943882796,0.0979707652266138,2022-06-09 00:00:00,2022,7,14,6,2022-6-9
676,1654790400,40.12,40.15,39.82,40.03,,,,,,40.14109553788048,39.90520897364524,39.7445983582566,40.48980641115716,21647,55457.65,39.28751233284858,58.09702436519256,,,49.00746710217449,55.67498877812472,,,-0.0379142629551403,0.1297818577908458,0.1676961207459861,2022-06-10 00:00:00,2022,7,15,4,2022-6-10
685,1654876800,39.03,39.06,38.9,39.04,,,,,,39.63221365284659,39.73153249528702,39.67913073906883,40.392177312866366,33325,45596.0,13.383457613418372,30.333309133120117,,,32.15189121281942,42.86181559527825,,,-0.1389235389024431,-0.2390819707357394,-0.1001584318332963,2022-06-11 00:00:00,2022,7,16,3,2022-6-11
689,1655118000,38.35,38.37,38.16,38.37,,,,,,39.38202063673377,39.60748880932926,39.61913963277719,40.333743904751145,545,33596.7,10.006277564047965,21.76167401018312,,,24.166566348289223,36.65849988044533,,,-0.1134446812522614,-0.3172797811841619,-0.2038350999319004,2022-06-13 19:00:00,2022,7,18,21,2022-6-13
694,1655136000,37.51,37.64,37.41,37.43,,,,,,38.65467594376237,39.23479599480097,39.42296808604594,40.19850777191273,25488,35204.2,18.465096985817084,15.061986750308112,,,22.64781126894768,28.192749519659248,,,-0.1914950432957983,-0.6290384796696884,-0.43754343637389,2022-06-14 00:00:00,2022,7,19,2,2022-6-14
705,1655222400,38.21,38.22,37.79,37.87,,,,,,38.10323536498186,38.70808837088838,39.08862810639818,39.94004651926948,37674,38719.15,47.58030350282922,34.287743773290366,,,44.15154026669926,32.541043634797134,,,0.1495241213961789,-0.3013048404917526,-0.4508289618879316,2022-06-15 00:00:00,2022,7,20,4,2022-6-15
714,1655308800,37.83,37.9,37.59,37.59,,,,,,37.78898486674174,38.36257781234529,38.83724366206238,39.73530926799563,22269,35550.95,47.1470009711289,49.09799632310966,,,44.651663246444734,44.37147466819806,,,0.0606162391200256,-0.2469822841621862,-0.3075985232822119,2022-06-16 00:00:00,2022,7,21,3,2022-6-16
724,1655395200,37.71,38.56,37.54,38.43,,,,,,38.03826820681648,38.30398307228237,38.71901567866235,39.58778118351608,152942,48822.25,58.33427346359648,54.083923178245946,,,54.50399619667737,50.10608749356848,,,0.0664755379640859,0.0245269937053933,-0.0419485442586926,2022-06-17 00:00:00,2022,7,22,0,2022-6-17
734,1655481600,37.38,37.51,37.32,37.33,,,,,,37.63453981637622,38.00691298155755,38.48056557045018,39.37994929476207,36779,57486.0,43.598020391274304,44.80905798032624,,,44.96818751782931,46.27547346944514,,,-0.0391479024337265,-0.1816281246177737,-0.1424802221840471,2022-06-18 00:00:00,2022,7,22,23,2022-6-18
739,1655809200,38.4,38.52,38.2,38.2,,,,,,37.7558043532198,37.99309478394322,38.427868374589615,39.30898541612914,2016,58268.55,66.02519821303486,48.878147147024485,,,56.03887522758719,47.63109453805832,,,0.0819300292715099,-0.0112174573933216,-0.0931474866648316,2022-06-21 19:00:00,2022,7,23,4,2022-6-21
744,1655827200,38.55,38.55,38.25,38.5,,,,,,38.03513657551642,38.07645820941657,38.42983484316884,39.266910583425386,21984,47008.75,63.41345119182533,56.1016849394379,,,57.63934107311502,51.95791692149204,,,0.1221894033908618,0.1726866578264392,0.0504972544355774,2022-06-22 00:00:00,2022,7,25,22,2022-6-22
754,1655913600,38.61,39.09,38.58,39.08,,,,,,38.5159550513884,38.30720834713001,38.49147941391617,39.219308469741,21257,40097.9,61.09498422752845,63.057322442997936,,,59.08013492386231,58.49850021617625,,,0.0399599208370873,0.2726296955798659,0.2326697747427785,2022-06-23 00:00:00,2022,7,26,23,2022-6-23
763,1656000000,38.82,38.86,38.59,38.59,,,,,,38.6637697620705,38.44893260663919,38.53902098956588,39.18168931239555,22325,31744.45,45.217008227349446,53.98182193223357,,,50.07919946992792,55.09698466588369,,,-0.0475784709047282,0.146157709913929,0.1937361808186573,2022-06-24 00:00:00,2022,7,27,21,2022-6-24
772,1656086400,39.53,39.71,39.53,39.71,,,,,,38.98357051944702,38.65817951449081,38.6348021621965,39.17553693878126,11320,27688.3,73.29789132778642,56.45330421729044,,,64.3725059456801,55.38976157277106,,,0.0789051018914645,0.2643436961151124,0.1854385942236479,2022-06-25 00:00:00,2022,7,28,20,2022-6-25
776,1656327600,39.68,39.71,39.67,39.7,,,,,,39.17671820725344,38.79206908461643,38.70607557099971,39.19064738307586,2636,30730.8,66.5890479752081,59.92404494980068,,,62.03598203735517,57.454339190199335,,,0.0488681899937384,0.2907116527674063,0.2418434627736678,2022-06-27 19:00:00,2022,7,29,0,2022-6-27
781,1656345600,39.53,39.56,39.175,39.34,,,,,,39.302546890065166,38.92144248358862,38.78247136138036,39.20624303151194,16136,26705.75,46.34349841813739,62.35416350012799,,,53.00805839138927,59.55808970134676,,,-0.0275124152623337,0.2250814175037021,0.2525938327660358,2022-06-28 00:00:00,2022,7,29,5,2022-6-28
790,1656432000,38.99,39.2,38.96,39.11,,,,,,39.25373905174917,39.0133411689767,38.85564783268416,39.20805135866693,17395,23515.55,41.43621372811512,48.52468287032591,,,47.756495666425096,52.985752751324966,,,-0.0680078453202934,0.0473429269270582,0.1153507722473516,2022-06-29 00:00:00,2022,7,30,4,2022-6-29
799,1656518400,38.4,38.4,37.89,37.95,,,,,,38.81216003961055,38.87298913964072,38.807257810430855,39.15297990383161,27270,22943.2,11.521512573479754,33.10215409920594,,,27.18176785750346,42.4191665590908,,,-0.1219054810675526,-0.226871636048429,-0.1049661549808764,2022-06-30 00:00:00,2022,8,2,3,2022-6-30
808,1656604800,37.66,38.01,37.52,37.62,,,,,,38.072124843421335,38.48080859248262,38.605087215781744,39.01778239294961,19650,23884.85,39.64986717639966,21.31252165751512,,,35.936823900945214,30.46653977956578,,,-0.048996956113457,-0.4203682689805958,-0.3713713128671388,2022-07-01 00:00:00,2022,8,3,1,2022-7-1
817,1656691200,37.73,37.82,37.6,37.7,,,,,,37.732893257583726,38.17975601366288,38.41978564339985,38.88524301856549,25980,27805.0,54.39325711999679,37.37876898095789,,,46.29892653442084,35.38992061659106,,,0.0725909497841973,-0.2757556341678011,-0.3483465839519984,2022-07-02 00:00:00,2022,8,4,1,2022-7-2
822,1657018800,38.06,38.06,38.05,38.05,,,,,,37.881947910252414,38.16660479264072,38.38989014148165,38.84718156438702,200,26075.55,58.91283078380055,49.87859775121134,,,52.29138967332732,43.61910857588848,,,0.1349213380627389,-0.054186340296539,-0.1891076783592779,2022-07-05 19:00:00,2022,8,4,20,2022-7-5
827,1657036800,38.2,38.52,38.2,38.42,,,,,,37.94725155881995,38.14218479384797,38.35534380252369,38.80705465681476,17954,28163.65,62.79432751587638,57.33621342899214,,,57.00447880966205,50.1026088794046,,,0.0952261586423079,0.0162992559441192,-0.0789269026981886,2022-07-06 00:00:00,2022,8,5,1,2022-7-6
838,1657123200,38.06,38.24,38.02,38.11,,,,,,38.11463478412725,38.17223222932866,38.33189646351169,38.748163345453655,25279,23643.8,47.80674688281914,53.37446938663032,,,50.07618402560256,52.83377037909718,,,-0.0175226781601269,0.0341366980750166,0.0516593762351435,2022-07-07 00:00:00,2022,8,6,2,2022-7-7
847,1657209600,39.09,39.23,38.92,38.92,,,,,,38.42613257861703,38.2991415802672,38.3721070576342,38.732656167052376,32806,27023.3,68.31197324027762,57.51022169310957,,,62.98435418103672,55.31502666527848,,,0.0839685814783655,0.2036006253492672,0.1196320438709016,2022-07-08 00:00:00,2022,8,9,0,2022-7-8
859,1657296000,37.21,37.21,37.0,37.025,,,,,,37.74550548126465,38.0116119867751,38.20295657958259,38.60425870158391,78447,40514.55,29.3212375710294,44.22414575975203,,,35.81069066239324,46.22506709470581,,,-0.1281329997540446,-0.3035078460545151,-0.1753748463004704,2022-07-09 00:00:00,2022,8,10,3,2022-7-9
866,1657537200,34.55,35.17,34.55,34.8,,,,,,36.78193906310687,37.506514335246976,37.91263692832528,38.42814773781256,85846,49876.5,19.81831356772814,28.16513962417971,,,24.41912542233338,33.85654799894308,,,-0.2782861578177488,-0.7416379560422044,-0.4633517982244555,2022-07-11 19:00:00,2022,8,11,1,2022-7-11
871,1657555200,33.56,33.685,33.245,33.29,,,,,,35.64588195840893,36.85875878803711,37.53512798378772,38.20983644984444,182916,126760.7,10.751529580643975,21.34010587044612,,,17.358718149456664,27.404455156166037,,,-0.2927438052231744,-1.1201144682911846,-0.8273706630680101,2022-07-12 00:00:00,2022,8,11,21,2022-7-12
882,1657641600,33.715,34.23,33.67,34.005,,,,,,34.07555114705421,35.56814526650194,36.682015028057336,37.68866528592101,125299,144763.35,59.53852612229591,27.324147020400297,,,43.68863202485431,25.709599894336986,,,0.1994166000536836,-0.841408135092145,-1.0408247351458286,2022-07-13 00:00:00,2022,8,12,22,2022-7-13
894,1657728000,36.49,37.11,36.45,36.87,,,,,,34.948376271922044,35.40357771743303,36.339145607278496,37.389707813869926,168519,113325.25,86.991773691068,68.19705605747444,,,71.93129360843301,53.29988269265326,,,0.4354640261230307,0.3369539912509864,-0.0985100348720442,2022-07-14 00:00:00,2022,8,15,23,2022-7-14
907,1657814400,36.465,36.54,36.27,36.33,,,,,,36.187851529770974,35.920457859047126,36.4186888062293,37.30448668973362,48377,100663.75,46.331652679461534,69.68063986002319,,,54.81108113675732,65.33632642251351,,,-0.0533583809298621,0.439945687157774,0.4933040680876361,2022-07-15 00:00:00,2022,8,17,3,2022-7-15
917,1657900800,37.07,37.38,36.98,37.2,,,,,,36.516668134989445,36.16609669602441,36.4609848104856,37.24177053090232,67934,44498.45,70.11645289562652,54.48144675889658,,,63.978590206869455,57.63754201986652,,,-0.0024215618080695,0.3186936523805457,0.3211152141886152,2022-07-16 00:00:00,2022,8,18,3,2022-7-16
922,1658142000,37.59,37.64,37.54,37.63,,,,,,36.94736813374087,36.427584948724736,36.570116077613946,37.259601125026485,899,53909.05,70.6857237627235,61.89119092493024,,,66.20689126181938,60.9013205888625,,,0.054771860527882,0.4426667822134433,0.3878949216855613,2022-07-18 19:00:00,2022,8,19,0,2022-7-18
927,1658160000,38.15,38.51,38.05,38.44,,,,,,37.342599991672,36.698236665407634,36.69765032200892,37.29108378700971,79601,49021.1,81.25836153860848,69.13379916909108,,,72.85170336873209,65.02111097962897,,,0.0681254084477808,0.5052136193563115,0.4370882109085306,2022-07-19 00:00:00,2022,8,19,21,2022-7-19
936,1658246400,39.495,40.5,39.29,39.69,,,,,,38.230672262494345,37.320347860635714,37.03221327672073,37.413645957202775,532032,82932.95,87.25743187178028,73.05883721564669,,,78.88413833860182,69.36352986673924,,,0.1131273186779608,0.6691632725565242,0.5560359538785633,2022-07-20 00:00:00,2022,8,22,20,2022-7-20
946,1658332800,39.89,39.99,39.56,39.77,,,,,,39.06548741381497,38.05131799465079,37.48566753484435,37.615239273005336,87550,102038.7,62.71955949527061,72.02462413916894,,,65.42592200654295,71.07197096831801,,,-0.0271523197680536,0.57698601277459,0.6041383325426437,2022-07-21 00:00:00,2022,8,23,21,2022-7-21
955,1658419200,39.74,39.985,39.59,39.615,,,,,,39.419584638366814,38.53799169695828,37.8439715163827,37.791284193328565,46316,90766.95,51.68813680172219,58.14250895334033,,,59.01408985858526,63.0135394757918,,,-0.0843555002764494,0.3639655042155354,0.4483210044919848,2022-07-22 00:00:00,2022,8,24,6,2022-7-22
966,1658505600,39.11,39.79,39.05,39.78,,,,,,39.27091788359355,38.76545773832902,38.10625653469384,37.934901719369925,58074,53842.6,60.076785898632366,45.91573624443016,,,56.87218721086965,51.94056323787036,,,-0.0304423223246015,0.0764273877196473,0.1068697100442488,2022-07-23 00:00:00,2022,8,25,20,2022-7-23
971,1658746800,39.66,39.66,39.66,39.66,,,,,,39.48523814191865,38.95675971412732,38.26957141459469,38.026995483117865,100,63191.2,53.11512580052679,49.05256032114318,,,54.05274264921652,51.58754246835239,,,0.0309824726178445,0.178057008558305,0.1470745359404605,2022-07-25 19:00:00,2022,8,26,1,2022-7-25
976,1658764800,39.275,39.3,39.14,39.15,,,,,,39.35734600294328,38.99436539319056,38.35483946035581,38.08255934836536,29515,64242.1,42.82331607847996,51.46027766587661,,,47.36422445243366,52.50823846320254,,,-0.0720575256880062,0.0145673156201269,0.0866248413081332,2022-07-26 00:00:00,2022,8,26,6,2022-7-26
984,1658851200,39.11,39.42,39.105,39.38,,,,,,39.24520470758379,39.03606706806503,38.4715984737486,38.1641274539975,31586,51529.45,57.987254720200994,44.2943493283144,,,52.65427984317417,48.02680288214543,,,-0.0156251787943397,-0.0360402425189363,-0.0204150637245965,2022-07-27 00:00:00,2022,8,27,2,2022-7-27
993,1658937600,39.76,39.78,39.44,39.45,,,,,,39.43815140682324,39.19175770106579,38.64825433755919,38.28257799260088,17260,38620.0,47.51783176489412,56.113714170092734,,,51.21614237307564,52.604005022513824,,,0.0432776445802625,0.0991737349589172,0.0558960903786546,2022-07-28 00:00:00,2022,8,29,23,2022-7-28
1001,1659024000,40.27,40.27,40.04,40.19,,,,,,39.68666520291867,39.37153841160915,38.82360162338416,38.40132651088983,21825,45087.5,71.20341391373184,63.09523589326301,,,63.59746058038395,57.54841152321402,,,0.0713368445921223,0.1994303983650525,0.1280935537729302,2022-07-29 00:00:00,2022,8,30,19,2022-7-29
1009,1659110400,41.22,41.45,41.16,41.41,,,,,,40.43074748469042,39.81603592507173,39.14242297622375,38.59900414514601,18034,52152.2,78.8255214760932,74.70553923317182,,,73.46876833664346,67.03992602558374,,,0.1245022208180346,0.4857284824399457,0.361226261621911,2022-07-30 00:00:00,2022,8,31,3,2022-7-30
1015,1659351600,41.5,41.5,41.5,41.5,,,,,,40.90065044151636,40.16871777488903,39.40537452683256,38.76603599134946,500,50619.8,70.82936669316747,77.7919054538577,,,70.47961387970099,71.8322823309676,,,0.0283062120857753,0.4981687256881599,0.4698625136023845,2022-08-01 19:00:00,2022,8,31,21,2022-8-1
1020,1659369600,40.94,40.945,40.595,40.7,,,,,,40.93008070995017,40.31785390389442,39.55681178975881,38.8749563587611,77972,58925.8,30.37527338688044,63.34403352203095,,,48.17665695677996,66.14320711857889,,,-0.1204610396514815,0.2696046972056649,0.3900657368571465,2022-08-02 00:00:00,2022,9,1,2,2022-8-2
1028,1659456000,41.15,41.26,41.14,41.2,,,,,,40.98780377427998,40.50859046640479,39.77126478496423,39.03861574760344,26854,50462.45,60.22892699705628,48.92249065338858,,,58.54908589137832,56.1158083928446,,,-0.0447478601453547,0.156164429942585,0.2009122900879398,2022-08-03 00:00:00,2022,9,1,22,2022-8-3
1036,1659542400,41.31,41.38,41.07,41.08,,,,,,41.06096363393984,40.67424821245529,39.96937101363324,39.19786577566836,29409,51140.2,48.74408178897678,52.81241989657368,,,52.21617870312234,55.14819572653623,,,-0.0206438419437586,0.1084756325770115,0.1291194745207702,2022-08-04 00:00:00,2022,9,2,6,2022-8-4
1043,1659628800,41.005,41.22,40.995,41.04,,,,,,41.02240252190109,40.74973532129966,40.101804797022254,39.3185494625706,40806,32471.8,51.27106873240252,48.46614223493581,,,51.80561854270854,52.16954180755546,,,-0.0321202583374885,0.0304097489220964,0.062530007259585,2022-08-05 00:00:00,2022,9,3,1,2022-8-5
1052,1659715200,41.65,42.18,41.65,42.12,,,,,,41.26210151930777,40.93817292535023,40.30837328571729,39.49316060708816,66877,43175.35,79.62315377236467,54.00023445410204,,,70.89863978625044,54.43033031894485,,,0.0944837302870142,0.1838549060471734,0.0893711757601592,2022-08-06 00:00:00,2022,9,6,22,2022-8-6
1057,1659956400,43.22,43.22,43.11,43.11,,,,,,41.77576991603696,41.22894796263294,40.520176619983886,39.64126976504286,200,52537.75,85.62222835200826,66.32234026780732,,,78.12715980825715,62.74808085887852,,,0.1710018879143371,0.4360319957706835,0.2650301078563463,2022-08-08 19:00:00,2022,9,7,3,2022-8-8
1062,1659974400,43.15,43.19,42.96,43.11,,,,,,42.33256035375452,41.585136815718975,40.77471449327608,39.81460985953392,21286,49664.4,72.55144089339669,77.97646867001605,,,72.43620969407064,72.00965882908983,,,0.1090845838778734,0.570336578537443,0.4612519946595695,2022-08-09 00:00:00,2022,9,7,20,2022-8-9
1070,1660060800,42.795,42.89,42.755,42.87,,,,,,42.64482641325858,41.94746631012477,41.09061447816652,40.05280958256203,27413,46106.8,53.15156871065834,67.53821282774399,,,60.755230584358266,69.46700202376464,,,-0.0757830864768094,0.3551901956732024,0.4309732821500119,2022-08-10 00:00:00,2022,9,8,4,2022-8-10
1079,1660147200,44.43,44.43,44.06,44.19,,,,,,43.45603772944806,42.54960617342133,41.555588402989024,40.3839359182982,32408,37579.95,62.51032548945299,61.72616259172373,,,65.3410539061572,65.541237536161,,,0.0762557863305096,0.5703503339844787,0.494094547653969,2022-08-11 00:00:00,2022,9,9,1,2022-8-11
1088,1660233600,43.93,44.14,43.85,43.97,,,,,,43.884593550038666,43.04499469187403,41.98970581487416,40.71170494561786,46867,37499.35,45.87433384226197,61.87424869861371,,,55.46258918304434,64.65092653167419,,,-0.086298943539337,0.3759549805414437,0.4622539240807808,2022-08-12 00:00:00,2022,9,9,23,2022-8-12
1096,1660320000,44.26,44.49,44.25,44.34,,,,,,44.03981092434741,43.34543600051446,42.30669557453246,40.97446322935728,25413,37787.35,59.79161138331861,53.828805186852485,,,59.33166381946707,58.28479245511995,,,-0.0449367330308917,0.2485790854514675,0.2935158184823593,2022-08-13 00:00:00,2022,9,12,19,2022-8-13
1101,1660568400,44.15,44.36,43.96,44.34,,,,,,44.1085551091821,43.50268459017477,42.48805159469591,41.13237012054714,41370,37311.0,59.84844345319295,52.27414334289886,,,58.462609336107576,56.334503176295776,,,-0.0467997598910258,0.1833418689277621,0.2301416288187879,2022-08-15 21:00:00,2022,9,13,0,2022-8-15
1104,1660579200,44.48,44.69,44.44,44.67,,,,,,44.21492813884894,43.61688497900108,42.60582785446374,41.23217627729938,29736,39638.5,73.78952268125207,57.12471352493842,,,64.76734405058937,57.9941919177471,,,-0.0039839265474666,0.2098978181979944,0.2138817447454611,2022-08-16 00:00:00,2022,9,13,3,2022-8-16
1113,1660665600,44.9,44.99,44.63,44.7,,,,,,44.44882830835893,43.9123122315717,42.93255002816584,41.52090554226768,30185,34708.35,61.65073129189334,62.80306900952551,,,61.13133890286786,60.48546694294809,,,0.0030959362388922,0.2000694267372225,0.1969734904983302,2022-08-17 00:00:00,2022,9,14,1,2022-8-17
1123,1660752000,44.15,44.31,44.13,44.285,,,,,,44.360844261947946,44.05354256554456,43.18980323153528,41.79082726061726,18454,27291.9,46.01944326506274,49.37505557812027,,,48.50619601830199,53.50135621485278,,,-0.0760890497809909,-0.006071537847049,0.0700175119339418,2022-08-18 00:00:00,2022,9,14,23,2022-8-18
1131,1660838400,44.23,44.23,43.98,44.03,,,,,,44.24507624349824,44.08221396947009,43.3333959176214,41.97315861164262,23006,23073.15,40.81185225348933,39.95169534966268,,,43.95643121766716,45.741032849476255,,,-0.0337714179495222,-0.0603143546100142,-0.0265429366604919,2022-08-19 00:00:00,0,0,0,0,2022-8-19
1140,1660924800,43.885,43.98,43.79,43.8,,,,,,43.98416933634429,44.0017549181832,43.41358075570777,42.13231020720495,19027,25929.15,43.06758068382995,38.70492373094229,,,42.548823915419554,42.23972997904516,,,-0.0252446794399267,-0.1464146849254746,-0.1211700054855479,2022-08-20 00:00:00,0,0,0,0,2022-8-20
1146,1661169600,43.65,43.65,43.59,43.6,,,,,,43.90858224731304,43.96192845184688,43.45889514213029,42.230235262004335,677,25154.6,36.09064584146096,40.147057983972765,,,39.93878268564204,41.91349830779182,,,0.0096609898503143,-0.1099298802231487,-0.119590870073463,2022-08-22 20:00:00,0,0,0,0,2022-8-22
1150,1661184000,43.26,43.27,43.02,43.04,,,,,,43.68732980112239,43.85637528598712,43.44295365625079,42.270349611342496,22066,31037.15,23.95409916228064,38.70050279640753,,,31.12758003765761,40.38361348599847,,,-0.0639408066755217,-0.221618320429215,-0.1576775137536932,2022-08-23 00:00:00,0,0,0,0,2022-8-23
1159,1661270400,40.8,40.82,40.32,40.48,,,,,,42.39642129052597,43.18716344432643,43.153765268989794,42.22210475522164,107318,67246.85,17.47815708632494,24.5371986634132,,,21.15246092664846,29.277362633801523,,,-0.2599941757082979,-0.8048059138952226,-0.5448117381869246,2022-08-24 00:00:00,0,0,0,0,2022-8-24
1170,1661356800,40.51,40.51,40.16,40.26,,,,,,40.88328063915592,42.10117210377732,42.55878543465823,42.005590298170006,40802,91062.55,44.3997739859985,27.780928216385743,,,36.6499704451046,26.8989296098158,,,0.0634680378893415,-0.8115175876984537,-0.8749856255877952,2022-08-25 00:00:00,0,0,0,0,2022-8-25
1181,1661443200,40.72,40.85,40.61,40.7,,,,,,40.70164331295493,41.572825004843466,42.17577581814812,41.861318181036886,25601,54579.05,54.634963875660524,50.49157537694627,,,46.71582690430986,42.09304813867605,,,0.1415017486050648,-0.2975487977570239,-0.4390505463620887,2022-08-26 00:00:00,0,0,0,0,2022-8-26
1193,1661529600,40.42,40.49,40.265,40.42,,,,,,40.7563029638339,41.28428719582828,41.887853852628815,41.74483887790458,21924,27632.8,32.3855935828074,52.27639523034345,,,40.95737016696338,48.22368829864341,,,-0.004338797851954,-0.112792274751527,-0.108453476899573,2022-08-27 00:00:00,0,0,0,0,2022-8-27
1198,1661774400,40.11,40.11,40.08,40.11,,,,,,40.58310871656851,41.110531616450025,41.73949915147761,41.6758590088367,27,34325.35,21.215858863101914,43.29165409116987,,,35.23568224659084,45.38980628839232,,,-0.0414078495513111,-0.1817907459415124,-0.1403828963902013,2022-08-29 20:00:00,0,0,0,0,2022-8-29
1202,1661788800,40.49,40.59,40.305,40.37,,,,,,40.51205892118986,41.00023198025347,41.63370933051448,41.62438207585691,9402,31949.8,45.72420222711795,37.08909184162809,,,44.17967070667163,42.17656845373944,,,0.0002119067880406,-0.1571469023509948,-0.1573588091390354,2022-08-30 00:00:00,0,0,0,0,2022-8-30
1213,1661875200,39.5,39.53,39.25,39.4,,,,,,39.99207745903984,40.56751097661764,41.27210940066429,41.435569660407694,39236,28561.65,33.14781772647268,37.13858448965024,,,35.53906495810487,39.06068818720699,,,-0.0568238202679647,-0.3096503061373568,-0.252826485869392,2022-08-31 00:00:00,0,0,0,0,2022-8-31
1222,1661961600,39.17,39.52,39.15,39.495,,,,,,39.6342750566981,40.20981735663436,40.96083908562766,41.25878426563489,34113,30727.8,49.73115572014677,38.043303214431866,,,44.40332878447602,37.910625045926416,,,0.0233934473997374,-0.2648804331947971,-0.2882738805945345,2022-09-01 00:00:00,0,0,0,0,2022-9-1
1232,1662048000,38.71,38.78,38.52,38.545,,,,,,39.07454384142088,39.737559331067,40.56684994402258,41.02407763721752,26674,36529.5,27.05029856596361,35.34888296989223,,,31.993207728130585,36.64614771177644,,,-0.020740169958105,-0.3534768919084712,-0.3327367219503662,2022-09-02 00:00:00,0,0,0,0,2022-9-2
1242,1662134400,38.93,38.97,38.51,38.67,,,,,,38.83594551079258,39.391303930258985,40.22553127673756,40.80122044716829,25905,31571.95,46.14085944114239,38.3336086988552,,,42.80770497033312,37.268768714578606,,,0.0600379969118501,-0.1996615581263938,-0.259699555038244,2022-09-03 00:00:00,0,0,0,0,2022-9-3
1246,1662465600,38.84,38.84,38.71,38.71,,,,,,38.74402946772178,39.26666681868889,40.09635821792028,40.71271234827566,2,28475.35,52.531835549004015,42.85580229068338,,,46.43801141969055,39.86005625730015,,,0.0433179347316656,-0.1809967780652925,-0.2243147127969582,2022-09-06 20:00:00,0,0,0,0,2022-9-6
1250,1662480000,38.2,38.43,38.18,38.35,,,,,,38.62491710893593,39.137041158576736,39.96535657984341,40.62178396889777,35849,31152.85,40.50651297984095,44.597463164758274,,,40.5091491172416,41.531143682315225,,,0.0053231874902431,-0.1976707373200597,-0.2029939248103028,2022-09-07 00:00:00,0,0,0,0,2022-9-7
1261,1662566400,40.72,40.78,40.585,40.77,,,,,,39.33014179338869,39.27659215984924,39.86904113096073,40.49992949394983,32864,45359.1,78.37949099759065,57.24796073496801,,,70.62770522555978,53.3466331462872,,,0.2667092967125347,0.3977136090922997,0.1310043123797649,2022-09-08 00:00:00,0,0,0,0,2022-9-8
1270,1662652800,41.71,42.04,41.57,41.8,,,,,,40.57155394660832,39.911034514941214,40.11455475181205,40.57323574163606,46020,51587.9,82.04282458936748,77.05180862709412,,,75.47494007778445,70.4212764277518,,,0.1398687315055728,0.74315194118401,0.6032832096784371,2022-09-09 00:00:00,0,0,0,0,2022-9-9
1279,1662739200,42.095,42.15,41.98,42.1,,,,,,41.35161657876829,40.50184693881354,40.40181581890632,40.68355587154669,27172,44647.8,72.75085629833627,74.59788400815971,,,71.7021766024552,72.25972601052362,,,-0.0288217271168567,0.6220513632176718,0.6508730903345286,2022-09-10 00:00:00,0,0,0,0,2022-9-10
1285,1662980400,41.75,41.82,41.75,41.79,,,,,,41.62986079506103,40.81756599162258,40.58092633457246,40.7595131359166,2575,34129.85,47.19131924159069,66.8679128251731,,,58.82945873964615,69.01349994006688,,,-0.1076957474215979,0.4457658154344983,0.5534615628560963,2022-09-12 19:00:00,0,0,0,0,2022-9-12
1290,1662998400,41.365,41.455,41.29,41.39,,,,,,41.58256172038591,40.945655614862574,40.671152807071806,40.79716399772498,23576,29075.65,33.51418863879867,54.90300199521693,,,49.084781437472,62.31239965973695,,,-0.1673857488715406,0.204813371363052,0.3721991202345927,2022-09-13 00:00:00,0,0,0,0,2022-9-13
1301,1663084800,41.5,41.92,41.47,41.7,,,,,,41.39662651581724,41.07716404868773,40.79925484726685,40.85187155249278,57212,29290.3,58.77183967878669,39.75009299717193,,,55.231486819578215,48.543749770930205,,,-0.0549231724270797,-0.0139701205129441,0.0409530519141356,2022-09-14 00:00:00,0,0,0,0,2022-9-14
1312,1663171200,41.35,41.43,41.25,41.31,,,,,,41.47335739967655,41.24675768521017,40.95118974938247,40.92733191356006,25461,36319.2,43.68662263731992,49.448965434715525,,,47.4419996144994,50.62338192267752,,,-0.0396473832698123,-0.006478307317387,0.0331690759524253,2022-09-15 00:00:00,0,0,0,0,2022-9-15
